0, 0, Header, 1, 17, 96
1, 0, Start_track
1, 0, Time_signature, 4, 2, 24, 8
1, 0, End_track
2, 0, Start_track
2, 0, Tempo, 500000
2, 0, End_track
3, 0, Start_track
3, 0, Title_t, "phase"
3, 0, Program_c, 0, 0
3, 0, Program_c, 0, 0
3, 0, Note_on_c, 0, 60, 100
3, 0, Note_on_c, 0, 0, 100
3, 0, Program_c, 0, 0
3, 96, Note_off_c, 0, 60, 64
3, 96, Note_off_c, 0, 0, 64
3, 12480, Note_on_c, 0, 62, 100
3, 12576, Note_off_c, 0, 62, 64
3, 18816, Note_on_c, 0, 60, 103
3, 18912, Note_off_c, 0, 60, 64
3, 25344, Note_on_c, 0, 59, 82
3, 25440, Note_off_c, 0, 59, 64
3, 26760, Program_c, 0, 0
3, 26763, Program_c, 0, 0
3, 26763, End_track
4, 0, Start_track
4, 0, Title_t, "items"
4, 0, Note_on_c, 1, 0, 100
4, 48, Note_off_c, 1, 0, 64
4, 1632, Note_on_c, 1, 74, 100
4, 1656, Note_off_c, 1, 74, 64
4, 1704, Note_on_c, 1, 74, 100
4, 1728, Note_off_c, 1, 74, 64
4, 1776, Note_on_c, 1, 74, 100
4, 1800, Note_off_c, 1, 74, 64
4, 5664, Note_on_c, 1, 74, 100
4, 5688, Note_off_c, 1, 74, 64
4, 6276, Note_on_c, 1, 62, 100
4, 6300, Note_off_c, 1, 62, 64
4, 8160, Note_on_c, 1, 77, 100
4, 8184, Note_off_c, 1, 77, 64
4, 8256, Note_on_c, 1, 74, 100
4, 8280, Note_off_c, 1, 74, 64
4, 8352, Note_on_c, 1, 77, 100
4, 8376, Note_off_c, 1, 77, 64
4, 9024, Note_on_c, 1, 74, 100
4, 9048, Note_off_c, 1, 74, 64
4, 9120, Note_on_c, 1, 77, 100
4, 9144, Note_off_c, 1, 77, 64
4, 9288, Note_on_c, 1, 77, 100
4, 9312, Note_off_c, 1, 77, 64
4, 9360, Note_on_c, 1, 77, 100
4, 9384, Note_off_c, 1, 77, 64
4, 9432, Note_on_c, 1, 77, 100
4, 9456, Note_off_c, 1, 77, 64
4, 13248, Note_on_c, 1, 67, 96
4, 13272, Note_off_c, 1, 67, 64
4, 13488, Note_on_c, 1, 65, 96
4, 13512, Note_off_c, 1, 65, 64
4, 14304, Note_on_c, 1, 71, 96
4, 14328, Note_off_c, 1, 71, 64
4, 14568, Note_on_c, 1, 69, 96
4, 14592, Note_off_c, 1, 69, 64
4, 15456, Note_on_c, 1, 69, 96
4, 15480, Note_off_c, 1, 69, 64
4, 16080, Note_on_c, 1, 68, 96
4, 16104, Note_off_c, 1, 68, 64
4, 16224, Note_on_c, 1, 70, 96
4, 16248, Note_off_c, 1, 70, 64
4, 16704, Note_on_c, 1, 70, 96
4, 16728, Note_off_c, 1, 70, 64
4, 16992, Note_on_c, 1, 70, 96
4, 17016, Note_off_c, 1, 70, 64
4, 17232, Note_on_c, 1, 61, 100
4, 17256, Note_off_c, 1, 61, 64
4, 17472, Note_on_c, 1, 70, 96
4, 17496, Note_off_c, 1, 70, 64
4, 18648, Note_on_c, 1, 68, 96
4, 18672, Note_off_c, 1, 68, 64
4, 20160, Note_on_c, 1, 65, 97
4, 20184, Note_off_c, 1, 65, 64
4, 21600, Note_on_c, 1, 77, 93
4, 21624, Note_off_c, 1, 77, 64
4, 21672, Note_on_c, 1, 74, 93
4, 21696, Note_off_c, 1, 74, 64
4, 21744, Note_on_c, 1, 77, 93
4, 21768, Note_off_c, 1, 77, 64
4, 23808, Note_on_c, 1, 77, 96
4, 23832, Note_off_c, 1, 77, 64
4, 23856, Note_on_c, 1, 74, 96
4, 23880, Note_off_c, 1, 74, 64
4, 23904, Note_on_c, 1, 77, 96
4, 23928, Note_off_c, 1, 77, 64
4, 24000, Note_on_c, 1, 74, 96
4, 24024, Note_off_c, 1, 74, 64
4, 24480, Note_on_c, 1, 77, 75
4, 24504, Note_off_c, 1, 77, 64
4, 24576, Note_on_c, 1, 77, 75
4, 24600, Note_off_c, 1, 77, 64
4, 24672, Note_on_c, 1, 77, 75
4, 24696, Note_off_c, 1, 77, 64
4, 24768, Note_on_c, 1, 74, 75
4, 24792, Note_off_c, 1, 74, 64
4, 24960, Note_on_c, 1, 77, 75
4, 24984, Note_off_c, 1, 77, 64
4, 25056, Note_on_c, 1, 74, 75
4, 25080, Note_off_c, 1, 74, 64
4, 25152, Note_on_c, 1, 77, 75
4, 25176, Note_off_c, 1, 77, 64
4, 25176, End_track
5, 0, Start_track
5, 0, Title_t, "small"
5, 0, Program_c, 2, 0
5, 0, Program_c, 2, 0
5, 0, Note_on_c, 2, 0, 100
5, 0, Program_c, 2, 0
5, 36, Note_off_c, 2, 0, 64
5, 384, Note_on_c, 2, 60, 100
5, 408, Note_off_c, 2, 60, 64
5, 432, Note_on_c, 2, 60, 75
5, 456, Note_off_c, 2, 60, 64
5, 480, Note_on_c, 2, 61, 100
5, 504, Note_off_c, 2, 61, 64
5, 528, Note_on_c, 2, 61, 75
5, 552, Note_off_c, 2, 61, 64
5, 576, Note_on_c, 2, 60, 100
5, 600, Note_off_c, 2, 60, 64
5, 624, Note_on_c, 2, 60, 75
5, 648, Note_off_c, 2, 60, 64
5, 672, Note_on_c, 2, 61, 100
5, 696, Note_off_c, 2, 61, 64
5, 720, Note_on_c, 2, 61, 75
5, 744, Note_off_c, 2, 61, 64
5, 960, Note_on_c, 2, 60, 100
5, 984, Note_off_c, 2, 60, 64
5, 1056, Note_on_c, 2, 61, 100
5, 1080, Note_off_c, 2, 61, 64
5, 1104, Note_on_c, 2, 60, 100
5, 1128, Note_off_c, 2, 60, 64
5, 1344, Note_on_c, 2, 60, 100
5, 1368, Note_off_c, 2, 60, 64
5, 1392, Note_on_c, 2, 60, 100
5, 1416, Note_off_c, 2, 60, 64
5, 1440, Note_on_c, 2, 61, 100
5, 1464, Note_off_c, 2, 61, 64
5, 1536, Note_on_c, 2, 61, 100
5, 1536, Note_on_c, 2, 60, 100
5, 1560, Note_off_c, 2, 61, 64
5, 1560, Note_off_c, 2, 60, 64
5, 2592, Note_on_c, 2, 60, 100
5, 2616, Note_off_c, 2, 60, 64
5, 2640, Note_on_c, 2, 60, 75
5, 2664, Note_off_c, 2, 60, 64
5, 2688, Note_on_c, 2, 61, 75
5, 2712, Note_off_c, 2, 61, 64
5, 2880, Note_on_c, 2, 60, 100
5, 2904, Note_off_c, 2, 60, 64
5, 2904, Note_on_c, 2, 60, 99
5, 2928, Note_off_c, 2, 60, 64
5, 2928, Note_on_c, 2, 61, 100
5, 2952, Note_off_c, 2, 61, 64
5, 2976, Note_on_c, 2, 60, 100
5, 3000, Note_off_c, 2, 60, 64
5, 3072, Note_on_c, 2, 60, 100
5, 3072, Note_on_c, 2, 61, 100
5, 3096, Note_off_c, 2, 60, 64
5, 3096, Note_off_c, 2, 61, 64
5, 3456, Note_on_c, 2, 60, 99
5, 3480, Note_off_c, 2, 60, 64
5, 3504, Note_on_c, 2, 60, 99
5, 3528, Note_off_c, 2, 60, 64
5, 3552, Note_on_c, 2, 61, 99
5, 3576, Note_off_c, 2, 61, 64
5, 3600, Note_on_c, 2, 61, 99
5, 3624, Note_off_c, 2, 61, 64
5, 3744, Note_on_c, 2, 60, 99
5, 3768, Note_off_c, 2, 60, 64
5, 3792, Note_on_c, 2, 61, 99
5, 3816, Note_off_c, 2, 61, 64
5, 3888, Note_on_c, 2, 61, 99
5, 3912, Note_off_c, 2, 61, 64
5, 3936, Note_on_c, 2, 60, 99
5, 3960, Note_off_c, 2, 60, 64
5, 3984, Note_on_c, 2, 60, 99
5, 4008, Note_off_c, 2, 60, 64
5, 4224, Note_on_c, 2, 61, 99
5, 4248, Note_off_c, 2, 61, 64
5, 4272, Note_on_c, 2, 61, 99
5, 4296, Note_off_c, 2, 61, 64
5, 4512, Note_on_c, 2, 60, 99
5, 4536, Note_off_c, 2, 60, 64
5, 4560, Note_on_c, 2, 60, 99
5, 4584, Note_off_c, 2, 60, 64
5, 4992, Note_on_c, 2, 61, 99
5, 5016, Note_off_c, 2, 61, 64
5, 5040, Note_on_c, 2, 61, 99
5, 5064, Note_off_c, 2, 61, 64
5, 5088, Note_on_c, 2, 60, 99
5, 5112, Note_off_c, 2, 60, 64
5, 5280, Note_on_c, 2, 60, 99
5, 5304, Note_off_c, 2, 60, 64
5, 5328, Note_on_c, 2, 60, 99
5, 5352, Note_off_c, 2, 60, 64
5, 5376, Note_on_c, 2, 61, 99
5, 5400, Note_off_c, 2, 61, 64
5, 5760, Note_on_c, 2, 61, 100
5, 5760, Note_on_c, 2, 60, 100
5, 5784, Note_off_c, 2, 61, 64
5, 5784, Note_off_c, 2, 60, 64
5, 5952, Note_on_c, 2, 60, 100
5, 5976, Note_off_c, 2, 60, 64
5, 6048, Note_on_c, 2, 61, 100
5, 6072, Note_off_c, 2, 61, 64
5, 6144, Note_on_c, 2, 60, 100
5, 6168, Note_off_c, 2, 60, 64
5, 6624, Note_on_c, 2, 61, 100
5, 6648, Note_off_c, 2, 61, 64
5, 6720, Note_on_c, 2, 61, 100
5, 6744, Note_off_c, 2, 61, 64
5, 6816, Note_on_c, 2, 60, 100
5, 6840, Note_off_c, 2, 60, 64
5, 9600, Note_on_c, 2, 60, 100
5, 9624, Note_off_c, 2, 60, 64
5, 9888, Note_on_c, 2, 61, 100
5, 9912, Note_off_c, 2, 61, 64
5, 10656, Note_on_c, 2, 61, 100
5, 10680, Note_off_c, 2, 61, 64
5, 11424, Note_on_c, 2, 60, 100
5, 11448, Note_off_c, 2, 60, 64
5, 19008, Note_on_c, 2, 60, 103
5, 19032, Note_off_c, 2, 60, 64
5, 19056, Note_on_c, 2, 60, 100
5, 19080, Note_off_c, 2, 60, 64
5, 19104, Note_on_c, 2, 61, 103
5, 19128, Note_off_c, 2, 61, 64
5, 19152, Note_on_c, 2, 61, 100
5, 19176, Note_off_c, 2, 61, 64
5, 19392, Note_on_c, 2, 60, 103
5, 19416, Note_off_c, 2, 60, 64
5, 19488, Note_on_c, 2, 61, 103
5, 19512, Note_off_c, 2, 61, 64
5, 19536, Note_on_c, 2, 60, 103
5, 19560, Note_off_c, 2, 60, 64
5, 19776, Note_on_c, 2, 60, 97
5, 19800, Note_off_c, 2, 60, 64
5, 19800, Note_on_c, 2, 60, 97
5, 19824, Note_off_c, 2, 60, 64
5, 19824, Note_on_c, 2, 61, 97
5, 19848, Note_off_c, 2, 61, 64
5, 19872, Note_on_c, 2, 60, 97
5, 19896, Note_off_c, 2, 60, 64
5, 19968, Note_on_c, 2, 60, 97
5, 19968, Note_on_c, 2, 61, 97
5, 19992, Note_off_c, 2, 60, 64
5, 19992, Note_off_c, 2, 61, 64
5, 21024, Note_on_c, 2, 60, 93
5, 21048, Note_off_c, 2, 60, 64
5, 21072, Note_on_c, 2, 60, 93
5, 21096, Note_off_c, 2, 60, 64
5, 21120, Note_on_c, 2, 61, 93
5, 21144, Note_off_c, 2, 61, 64
5, 21312, Note_on_c, 2, 60, 93
5, 21336, Note_off_c, 2, 60, 64
5, 21336, Note_on_c, 2, 60, 93
5, 21360, Note_off_c, 2, 60, 64
5, 21408, Note_on_c, 2, 61, 93
5, 21432, Note_off_c, 2, 61, 64
5, 21504, Note_on_c, 2, 61, 93
5, 21504, Note_on_c, 2, 60, 93
5, 21528, Note_off_c, 2, 61, 64
5, 21528, Note_off_c, 2, 60, 64
5, 26760, Program_c, 2, 0
5, 26763, Program_c, 2, 0
5, 26763, End_track
6, 0, Start_track
6, 0, Title_t, "large"
6, 0, Program_c, 3, 0
6, 0, Program_c, 3, 0
6, 0, Note_on_c, 3, 0, 100
6, 0, Program_c, 3, 0
6, 48, Note_off_c, 3, 0, 64
6, 2496, Note_on_c, 3, 61, 100
6, 2532, Note_off_c, 3, 61, 64
6, 3264, Note_on_c, 3, 61, 100
6, 3300, Note_off_c, 3, 61, 64
6, 3360, Note_on_c, 3, 60, 100
6, 3396, Note_off_c, 3, 60, 64
6, 6528, Note_on_c, 3, 60, 100
6, 6564, Note_off_c, 3, 60, 64
6, 6912, Note_on_c, 3, 61, 100
6, 6948, Note_off_c, 3, 61, 64
6, 7200, Note_on_c, 3, 60, 100
6, 7236, Note_off_c, 3, 60, 64
6, 8064, Note_on_c, 3, 60, 100
6, 8100, Note_off_c, 3, 60, 64
6, 8448, Note_on_c, 3, 60, 100
6, 8484, Note_off_c, 3, 60, 64
6, 8736, Note_on_c, 3, 61, 100
6, 8772, Note_off_c, 3, 61, 64
6, 8832, Note_on_c, 3, 60, 100
6, 8832, Note_on_c, 3, 61, 100
6, 8868, Note_off_c, 3, 61, 64
6, 8868, Note_off_c, 3, 60, 64
6, 10272, Note_on_c, 3, 61, 100
6, 10308, Note_off_c, 3, 61, 64
6, 10368, Note_on_c, 3, 61, 100
6, 10368, Note_on_c, 3, 60, 100
6, 10404, Note_off_c, 3, 60, 64
6, 10404, Note_off_c, 3, 61, 64
6, 11040, Note_on_c, 3, 61, 100
6, 11076, Note_off_c, 3, 61, 64
6, 11136, Note_on_c, 3, 61, 100
6, 11136, Note_on_c, 3, 60, 100
6, 11172, Note_off_c, 3, 61, 64
6, 11172, Note_off_c, 3, 60, 64
6, 11808, Note_on_c, 3, 60, 100
6, 11844, Note_off_c, 3, 60, 64
6, 11904, Note_on_c, 3, 60, 100
6, 11904, Note_on_c, 3, 61, 100
6, 11940, Note_off_c, 3, 60, 64
6, 11940, Note_off_c, 3, 61, 64
6, 20928, Note_on_c, 3, 61, 102
6, 20964, Note_off_c, 3, 61, 64
6, 22080, Note_on_c, 3, 60, 92
6, 22116, Note_off_c, 3, 60, 64
6, 22464, Note_on_c, 3, 60, 92
6, 22500, Note_off_c, 3, 60, 64
6, 24192, Note_on_c, 3, 60, 96
6, 24228, Note_off_c, 3, 60, 64
6, 24240, Note_on_c, 3, 61, 96
6, 24276, Note_off_c, 3, 61, 64
6, 24288, Note_on_c, 3, 60, 96
6, 24324, Note_off_c, 3, 60, 64
6, 24336, Note_on_c, 3, 61, 96
6, 24372, Note_off_c, 3, 61, 64
6, 26760, Program_c, 3, 0
6, 26763, Program_c, 3, 0
6, 26763, End_track
7, 0, Start_track
7, 0, Title_t, "long"
7, 0, Note_on_c, 4, 0, 100
7, 48, Note_off_c, 4, 0, 64
7, 768, Note_on_c, 4, 60, 75
7, 768, Note_on_c, 4, 61, 100
7, 960, Note_off_c, 4, 60, 64
7, 960, Note_off_c, 4, 61, 64
7, 1152, Note_on_c, 4, 60, 75
7, 1152, Note_on_c, 4, 61, 100
7, 1344, Note_off_c, 4, 60, 64
7, 1344, Note_off_c, 4, 61, 64
7, 1920, Note_on_c, 4, 60, 100
7, 2016, Note_off_c, 4, 60, 64
7, 2016, Note_on_c, 4, 61, 100
7, 2112, Note_off_c, 4, 61, 64
7, 2112, Note_on_c, 4, 60, 100
7, 2208, Note_off_c, 4, 60, 64
7, 2208, Note_on_c, 4, 61, 100
7, 2304, Note_off_c, 4, 61, 64
7, 2304, Note_on_c, 4, 60, 100
7, 2496, Note_off_c, 4, 60, 64
7, 2688, Note_on_c, 4, 60, 99
7, 2784, Note_off_c, 4, 60, 64
7, 3552, Note_on_c, 4, 60, 99
7, 3648, Note_off_c, 4, 60, 64
7, 3648, Note_on_c, 4, 61, 99
7, 3744, Note_off_c, 4, 61, 64
7, 3840, Note_on_c, 4, 61, 99
7, 3888, Note_off_c, 4, 61, 64
7, 3888, Note_on_c, 4, 60, 99
7, 3936, Note_off_c, 4, 60, 64
7, 3936, Note_on_c, 4, 61, 99
7, 3984, Note_off_c, 4, 61, 64
7, 4032, Note_on_c, 4, 61, 99
7, 4128, Note_off_c, 4, 61, 64
7, 4320, Note_on_c, 4, 60, 99
7, 4416, Note_off_c, 4, 60, 64
7, 4416, Note_on_c, 4, 61, 99
7, 4512, Note_off_c, 4, 61, 64
7, 4608, Note_on_c, 4, 61, 99
7, 4656, Note_off_c, 4, 61, 64
7, 4656, Note_on_c, 4, 60, 99
7, 4704, Note_off_c, 4, 60, 64
7, 4704, Note_on_c, 4, 61, 99
7, 4752, Note_off_c, 4, 61, 64
7, 4800, Note_on_c, 4, 60, 99
7, 4896, Note_off_c, 4, 60, 64
7, 4992, Note_on_c, 4, 60, 99
7, 5088, Note_off_c, 4, 60, 64
7, 5088, Note_on_c, 4, 61, 99
7, 5184, Note_off_c, 4, 61, 64
7, 5184, Note_on_c, 4, 60, 99
7, 5280, Note_off_c, 4, 60, 64
7, 5280, Note_on_c, 4, 61, 99
7, 5376, Note_off_c, 4, 61, 64
7, 5376, Note_on_c, 4, 60, 99
7, 5424, Note_off_c, 4, 60, 64
7, 5424, Note_on_c, 4, 61, 99
7, 5472, Note_off_c, 4, 61, 64
7, 5472, Note_on_c, 4, 60, 99
7, 5568, Note_off_c, 4, 60, 64
7, 5568, Note_on_c, 4, 61, 99
7, 5664, Note_off_c, 4, 61, 64
7, 5784, Note_on_c, 4, 60, 100
7, 5784, Note_on_c, 4, 61, 100
7, 5952, Note_off_c, 4, 61, 64
7, 5952, Note_off_c, 4, 60, 64
7, 6144, Note_on_c, 4, 61, 100
7, 6432, Note_off_c, 4, 61, 64
7, 6912, Note_on_c, 4, 60, 100
7, 7104, Note_off_c, 4, 60, 64
7, 7104, Note_on_c, 4, 61, 100
7, 7248, Note_off_c, 4, 61, 64
7, 8448, Note_on_c, 4, 61, 100
7, 8640, Note_off_c, 4, 61, 64
7, 8640, Note_on_c, 4, 60, 100
7, 8832, Note_off_c, 4, 60, 64
7, 9216, Note_on_c, 4, 60, 100
7, 9504, Note_off_c, 4, 60, 64
7, 9696, Note_on_c, 4, 61, 100
7, 9792, Note_off_c, 4, 61, 64
7, 9792, Note_on_c, 4, 60, 100
7, 9984, Note_off_c, 4, 60, 64
7, 9984, Note_on_c, 4, 61, 100
7, 10032, Note_off_c, 4, 61, 64
7, 10032, Note_on_c, 4, 60, 100
7, 10080, Note_off_c, 4, 60, 64
7, 10080, Note_on_c, 4, 61, 100
7, 10128, Note_off_c, 4, 61, 64
7, 10128, Note_on_c, 4, 60, 100
7, 10368, Note_off_c, 4, 60, 64
7, 10464, Note_on_c, 4, 61, 100
7, 10560, Note_off_c, 4, 61, 64
7, 10560, Note_on_c, 4, 60, 100
7, 10752, Note_off_c, 4, 60, 64
7, 10752, Note_on_c, 4, 61, 100
7, 10800, Note_off_c, 4, 61, 64
7, 10800, Note_on_c, 4, 60, 100
7, 10848, Note_off_c, 4, 60, 64
7, 10848, Note_on_c, 4, 61, 100
7, 10896, Note_off_c, 4, 61, 64
7, 10896, Note_on_c, 4, 60, 100
7, 11040, Note_off_c, 4, 60, 64
7, 11232, Note_on_c, 4, 60, 100
7, 11328, Note_off_c, 4, 60, 64
7, 11328, Note_on_c, 4, 61, 100
7, 11520, Note_off_c, 4, 61, 64
7, 11520, Note_on_c, 4, 60, 100
7, 11568, Note_off_c, 4, 60, 64
7, 11568, Note_on_c, 4, 61, 100
7, 11616, Note_off_c, 4, 61, 64
7, 11616, Note_on_c, 4, 60, 100
7, 11664, Note_off_c, 4, 60, 64
7, 11664, Note_on_c, 4, 61, 100
7, 11880, Note_off_c, 4, 61, 64
7, 12000, Note_on_c, 4, 60, 100
7, 12096, Note_off_c, 4, 60, 64
7, 12096, Note_on_c, 4, 61, 100
7, 12192, Note_off_c, 4, 61, 64
7, 12192, Note_on_c, 4, 60, 100
7, 12288, Note_off_c, 4, 60, 64
7, 19200, Note_on_c, 4, 60, 100
7, 19200, Note_on_c, 4, 61, 103
7, 19392, Note_off_c, 4, 60, 64
7, 19392, Note_off_c, 4, 61, 64
7, 19584, Note_on_c, 4, 60, 100
7, 19584, Note_on_c, 4, 61, 100
7, 19776, Note_off_c, 4, 60, 64
7, 19776, Note_off_c, 4, 61, 64
7, 20352, Note_on_c, 4, 60, 96
7, 20448, Note_off_c, 4, 60, 64
7, 20448, Note_on_c, 4, 61, 96
7, 20544, Note_off_c, 4, 61, 64
7, 20544, Note_on_c, 4, 60, 96
7, 20640, Note_off_c, 4, 60, 64
7, 20640, Note_on_c, 4, 61, 95
7, 20736, Note_off_c, 4, 61, 64
7, 20736, Note_on_c, 4, 60, 100
7, 20928, Note_off_c, 4, 60, 64
7, 21120, Note_on_c, 4, 60, 83
7, 21216, Note_off_c, 4, 60, 64
7, 21984, Note_on_c, 4, 60, 99
7, 22080, Note_off_c, 4, 60, 64
7, 22080, Note_on_c, 4, 61, 99
7, 22176, Note_off_c, 4, 61, 64
7, 22272, Note_on_c, 4, 61, 99
7, 22320, Note_off_c, 4, 61, 64
7, 22320, Note_on_c, 4, 60, 99
7, 22368, Note_off_c, 4, 60, 64
7, 22368, Note_on_c, 4, 61, 99
7, 22416, Note_off_c, 4, 61, 64
7, 22464, Note_on_c, 4, 61, 99
7, 22560, Note_off_c, 4, 61, 64
7, 22752, Note_on_c, 4, 60, 99
7, 22848, Note_off_c, 4, 60, 64
7, 22848, Note_on_c, 4, 61, 99
7, 22944, Note_off_c, 4, 61, 64
7, 23040, Note_on_c, 4, 61, 99
7, 23088, Note_off_c, 4, 61, 64
7, 23088, Note_on_c, 4, 60, 99
7, 23136, Note_off_c, 4, 60, 64
7, 23136, Note_on_c, 4, 61, 99
7, 23184, Note_off_c, 4, 61, 64
7, 23232, Note_on_c, 4, 60, 99
7, 23328, Note_off_c, 4, 60, 64
7, 23424, Note_on_c, 4, 60, 99
7, 23520, Note_off_c, 4, 60, 64
7, 23520, Note_on_c, 4, 61, 99
7, 23616, Note_off_c, 4, 61, 64
7, 23616, Note_on_c, 4, 60, 99
7, 23712, Note_off_c, 4, 60, 64
7, 23712, Note_on_c, 4, 61, 99
7, 23808, Note_off_c, 4, 61, 64
7, 23808, Note_on_c, 4, 60, 99
7, 23856, Note_off_c, 4, 60, 64
7, 23856, Note_on_c, 4, 61, 99
7, 23904, Note_off_c, 4, 61, 64
7, 23904, Note_on_c, 4, 60, 99
7, 24000, Note_off_c, 4, 60, 64
7, 24000, Note_on_c, 4, 61, 99
7, 24096, Note_off_c, 4, 61, 64
7, 24384, Note_on_c, 4, 60, 96
7, 24480, Note_off_c, 4, 60, 64
7, 24480, End_track
8, 0, Start_track
8, 0, Title_t, "boss"
8, 0, Program_c, 5, 0
8, 0, Program_c, 5, 0
8, 0, Note_on_c, 5, 0, 100
8, 0, Program_c, 5, 0
8, 48, Note_off_c, 5, 0, 64
8, 7296, Note_on_c, 5, 61, 100
8, 7872, Note_off_c, 5, 61, 64
8, 26760, Program_c, 5, 0
8, 26763, Program_c, 5, 0
8, 26763, End_track
9, 0, Start_track
9, 0, Title_t, "fantome"
9, 0, Note_on_c, 6, 0, 100
9, 48, Note_off_c, 6, 0, 64
9, 1920, Note_on_c, 6, 61, 75
9, 1968, Note_off_c, 6, 61, 64
9, 1968, Note_on_c, 6, 61, 100
9, 2016, Note_off_c, 6, 61, 64
9, 2016, Note_on_c, 6, 60, 75
9, 2064, Note_off_c, 6, 60, 64
9, 2064, Note_on_c, 6, 60, 100
9, 2112, Note_off_c, 6, 60, 64
9, 2112, Note_on_c, 6, 61, 75
9, 2160, Note_off_c, 6, 61, 64
9, 2160, Note_on_c, 6, 61, 100
9, 2208, Note_off_c, 6, 61, 64
9, 2208, Note_on_c, 6, 60, 75
9, 2256, Note_off_c, 6, 60, 64
9, 2256, Note_on_c, 6, 60, 100
9, 2304, Note_off_c, 6, 60, 64
9, 20352, Note_on_c, 6, 61, 102
9, 20400, Note_off_c, 6, 61, 64
9, 20400, Note_on_c, 6, 61, 102
9, 20448, Note_off_c, 6, 61, 64
9, 20448, Note_on_c, 6, 60, 102
9, 20496, Note_off_c, 6, 60, 64
9, 20496, Note_on_c, 6, 60, 100
9, 20544, Note_off_c, 6, 60, 64
9, 20544, Note_on_c, 6, 61, 102
9, 20592, Note_off_c, 6, 61, 64
9, 20592, Note_on_c, 6, 61, 100
9, 20640, Note_off_c, 6, 61, 64
9, 20640, Note_on_c, 6, 60, 102
9, 20688, Note_off_c, 6, 60, 64
9, 20688, Note_on_c, 6, 60, 93
9, 20736, Note_off_c, 6, 60, 64
9, 21888, Note_on_c, 6, 60, 99
9, 21912, Note_off_c, 6, 60, 64
9, 21936, Note_on_c, 6, 60, 99
9, 21960, Note_off_c, 6, 60, 64
9, 21984, Note_on_c, 6, 61, 99
9, 22008, Note_off_c, 6, 61, 64
9, 22032, Note_on_c, 6, 61, 99
9, 22056, Note_off_c, 6, 61, 64
9, 22176, Note_on_c, 6, 60, 99
9, 22200, Note_off_c, 6, 60, 64
9, 22224, Note_on_c, 6, 61, 99
9, 22248, Note_off_c, 6, 61, 64
9, 22320, Note_on_c, 6, 61, 99
9, 22344, Note_off_c, 6, 61, 64
9, 22368, Note_on_c, 6, 60, 99
9, 22392, Note_off_c, 6, 60, 64
9, 22416, Note_on_c, 6, 60, 99
9, 22440, Note_off_c, 6, 60, 64
9, 22656, Note_on_c, 6, 61, 99
9, 22680, Note_off_c, 6, 61, 64
9, 22704, Note_on_c, 6, 61, 99
9, 22728, Note_off_c, 6, 61, 64
9, 22944, Note_on_c, 6, 60, 99
9, 22968, Note_off_c, 6, 60, 64
9, 22992, Note_on_c, 6, 60, 99
9, 23016, Note_off_c, 6, 60, 64
9, 23424, Note_on_c, 6, 61, 99
9, 23448, Note_off_c, 6, 61, 64
9, 23472, Note_on_c, 6, 61, 99
9, 23496, Note_off_c, 6, 61, 64
9, 23520, Note_on_c, 6, 60, 99
9, 23544, Note_off_c, 6, 60, 64
9, 23712, Note_on_c, 6, 60, 99
9, 23736, Note_off_c, 6, 60, 64
9, 23760, Note_on_c, 6, 60, 99
9, 23784, Note_off_c, 6, 60, 64
9, 23784, End_track
10, 0, Start_track
10, 0, Title_t, "normal"
10, 0, Program_c, 7, 0
10, 0, Program_c, 7, 0
10, 0, Note_on_c, 7, 0, 100
10, 0, Program_c, 7, 0
10, 48, Note_off_c, 7, 0, 64
10, 26760, Program_c, 7, 0
10, 26763, Program_c, 7, 0
10, 26763, End_track
11, 0, Start_track
11, 0, Title_t, "liee"
11, 0, Control_c, 8, 10, 64
11, 0, Control_c, 8, 7, 100
11, 0, Pitch_bend_c, 8, 8192
11, 0, Control_c, 8, 101, 0
11, 0, Control_c, 8, 100, 0
11, 0, Control_c, 8, 6, 12
11, 0, Control_c, 8, 10, 64
11, 0, Control_c, 8, 7, 100
11, 0, Pitch_bend_c, 8, 8192
11, 0, Control_c, 8, 101, 0
11, 0, Control_c, 8, 100, 0
11, 0, Control_c, 8, 6, 12
11, 0, Control_c, 8, 10, 64
11, 0, Control_c, 8, 7, 100
11, 0, Pitch_bend_c, 8, 8192
11, 0, Note_on_c, 8, 0, 100
11, 0, Control_c, 8, 101, 0
11, 0, Control_c, 8, 100, 0
11, 0, Control_c, 8, 6, 12
11, 0, Control_c, 8, 10, 64
11, 0, Control_c, 8, 7, 100
11, 0, Pitch_bend_c, 8, 8192
11, 48, Note_off_c, 8, 0, 64
11, 26760, Control_c, 8, 101, 0
11, 26760, Control_c, 8, 100, 0
11, 26760, Control_c, 8, 6, 12
11, 26760, Control_c, 8, 10, 64
11, 26760, Control_c, 8, 7, 100
11, 26760, Pitch_bend_c, 8, 8192
11, 26763, Control_c, 8, 101, 0
11, 26763, Control_c, 8, 100, 0
11, 26763, Control_c, 8, 6, 12
11, 26763, Control_c, 8, 10, 64
11, 26763, Control_c, 8, 7, 100
11, 26763, Pitch_bend_c, 8, 8192
11, 26763, End_track
12, 0, Start_track
12, 0, Title_t, "silence"
12, 0, Control_c, 9, 0, 1
12, 0, Control_c, 9, 32, 8
12, 0, Control_c, 9, 0, 1
12, 0, Control_c, 9, 32, 8
12, 0, Note_on_c, 9, 0, 100
12, 0, Control_c, 9, 0, 1
12, 0, Control_c, 9, 32, 8
12, 48, Note_off_c, 9, 0, 64
12, 26760, Control_c, 9, 0, 1
12, 26760, Control_c, 9, 32, 8
12, 26763, Control_c, 9, 0, 1
12, 26763, Control_c, 9, 32, 8
12, 26763, End_track
13, 0, Start_track
13, 0, Title_t, "cube"
13, 0, Note_on_c, 0, 0, 100
13, 48, Note_off_c, 0, 0, 64
13, 12576, Note_on_c, 10, 66, 100
13, 12576, Note_on_c, 10, 59, 100
13, 12744, Note_on_c, 0, 61, 96
13, 12744, Note_on_c, 0, 60, 96
13, 12768, Note_off_c, 0, 61, 64
13, 12768, Note_off_c, 0, 60, 64
13, 12768, Note_on_c, 0, 62, 96
13, 12768, Note_on_c, 0, 60, 96
13, 12768, Note_on_c, 0, 61, 96
13, 12792, Note_off_c, 0, 61, 64
13, 12792, Note_off_c, 0, 60, 64
13, 12792, Note_off_c, 0, 62, 64
13, 12792, Note_on_c, 0, 62, 96
13, 12792, Note_on_c, 0, 61, 96
13, 12792, Note_on_c, 0, 60, 96
13, 12816, Note_off_c, 0, 60, 64
13, 12816, Note_off_c, 0, 61, 64
13, 12816, Note_off_c, 0, 62, 64
13, 12816, Note_on_c, 0, 62, 96
13, 12816, Note_on_c, 0, 61, 96
13, 12816, Note_on_c, 10, 60, 100
13, 12840, Note_off_c, 10, 60, 64
13, 12840, Note_off_c, 0, 61, 64
13, 12840, Note_off_c, 0, 62, 64
13, 12840, Note_on_c, 0, 62, 96
13, 12840, Note_on_c, 0, 61, 96
13, 12840, Note_on_c, 10, 60, 100
13, 12864, Note_off_c, 10, 60, 64
13, 12864, Note_off_c, 0, 61, 64
13, 12864, Note_off_c, 0, 62, 64
13, 12864, Note_on_c, 0, 62, 96
13, 12864, Note_on_c, 0, 61, 96
13, 12864, Note_on_c, 10, 60, 100
13, 12888, Note_off_c, 10, 60, 64
13, 12888, Note_off_c, 0, 61, 64
13, 12888, Note_off_c, 0, 62, 64
13, 12888, Note_on_c, 0, 62, 96
13, 12888, Note_on_c, 0, 61, 96
13, 12888, Note_on_c, 10, 60, 100
13, 12912, Note_off_c, 10, 60, 64
13, 12912, Note_off_c, 0, 61, 64
13, 12912, Note_off_c, 0, 62, 64
13, 12912, Note_on_c, 0, 62, 96
13, 12912, Note_on_c, 0, 61, 96
13, 12912, Note_on_c, 10, 60, 100
13, 12936, Note_off_c, 10, 60, 64
13, 12936, Note_off_c, 0, 61, 64
13, 12936, Note_off_c, 0, 62, 64
13, 12936, Note_on_c, 0, 61, 96
13, 12936, Note_on_c, 10, 60, 100
13, 12960, Note_off_c, 10, 60, 64
13, 12960, Note_off_c, 0, 61, 64
13, 12960, Note_on_c, 0, 61, 96
13, 12960, Note_on_c, 10, 60, 100
13, 12984, Note_off_c, 10, 60, 64
13, 12984, Note_off_c, 0, 61, 64
13, 12984, Note_on_c, 11, 65, 100
13, 12984, Note_on_c, 0, 61, 96
13, 12984, Note_on_c, 10, 60, 100
13, 13008, Note_off_c, 10, 60, 64
13, 13008, Note_off_c, 0, 61, 64
13, 13008, Note_off_c, 11, 65, 64
13, 13008, Note_on_c, 0, 61, 96
13, 13008, Note_on_c, 10, 60, 100
13, 13032, Note_off_c, 10, 60, 64
13, 13032, Note_off_c, 0, 61, 64
13, 13032, Note_on_c, 0, 61, 96
13, 13032, Note_on_c, 10, 60, 100
13, 13056, Note_off_c, 10, 60, 64
13, 13056, Note_off_c, 0, 61, 64
13, 13056, Note_on_c, 0, 61, 96
13, 13056, Note_on_c, 10, 60, 100
13, 13080, Note_off_c, 10, 60, 64
13, 13080, Note_off_c, 0, 61, 64
13, 13080, Note_on_c, 11, 62, 100
13, 13080, Note_on_c, 10, 60, 100
13, 13080, Note_on_c, 10, 61, 100
13, 13104, Note_off_c, 10, 61, 64
13, 13104, Note_off_c, 10, 60, 64
13, 13104, Note_off_c, 11, 62, 64
13, 13104, Note_on_c, 11, 62, 100
13, 13104, Note_on_c, 10, 60, 100
13, 13104, Note_on_c, 10, 61, 100
13, 13128, Note_off_c, 10, 61, 64
13, 13128, Note_off_c, 10, 60, 64
13, 13128, Note_off_c, 11, 62, 64
13, 13128, Note_on_c, 11, 62, 100
13, 13128, Note_on_c, 10, 60, 100
13, 13128, Note_on_c, 10, 61, 100
13, 13152, Note_off_c, 10, 61, 64
13, 13152, Note_off_c, 10, 60, 64
13, 13152, Note_off_c, 11, 62, 64
13, 13152, Note_on_c, 11, 62, 100
13, 13152, Note_on_c, 10, 60, 100
13, 13152, Note_on_c, 10, 61, 100
13, 13176, Note_off_c, 10, 61, 64
13, 13176, Note_off_c, 10, 60, 64
13, 13176, Note_off_c, 11, 62, 64
13, 13176, Note_on_c, 11, 63, 100
13, 13176, Note_on_c, 10, 62, 100
13, 13176, Note_on_c, 10, 60, 100
13, 13176, Note_on_c, 10, 61, 100
13, 13200, Note_off_c, 10, 61, 64
13, 13200, Note_off_c, 10, 60, 64
13, 13200, Note_off_c, 10, 62, 64
13, 13200, Note_off_c, 11, 63, 64
13, 13200, Note_on_c, 11, 63, 100
13, 13200, Note_on_c, 10, 62, 100
13, 13200, Note_on_c, 10, 60, 100
13, 13200, Note_on_c, 10, 61, 100
13, 13224, Note_off_c, 10, 61, 64
13, 13224, Note_off_c, 10, 60, 64
13, 13224, Note_off_c, 10, 62, 64
13, 13224, Note_off_c, 11, 63, 64
13, 13224, Note_on_c, 11, 63, 100
13, 13224, Note_on_c, 10, 62, 100
13, 13224, Note_on_c, 10, 61, 100
13, 13224, Note_on_c, 10, 60, 100
13, 13248, Note_off_c, 10, 60, 64
13, 13248, Note_off_c, 10, 61, 64
13, 13248, Note_off_c, 10, 62, 64
13, 13248, Note_off_c, 11, 63, 64
13, 13248, Note_on_c, 10, 61, 100
13, 13248, Note_on_c, 10, 60, 100
13, 13272, Note_off_c, 10, 60, 64
13, 13272, Note_off_c, 10, 61, 64
13, 13272, Note_on_c, 10, 60, 100
13, 13272, Note_on_c, 10, 61, 100
13, 13296, Note_off_c, 10, 61, 64
13, 13296, Note_off_c, 10, 60, 64
13, 13296, Note_on_c, 10, 61, 100
13, 13296, Note_on_c, 10, 60, 100
13, 13320, Note_off_c, 10, 60, 64
13, 13320, Note_off_c, 10, 61, 64
13, 13320, Note_on_c, 10, 60, 100
13, 13320, Note_on_c, 10, 61, 100
13, 13344, Note_off_c, 10, 61, 64
13, 13344, Note_off_c, 10, 60, 64
13, 13344, Note_on_c, 10, 61, 100
13, 13344, Note_on_c, 10, 60, 100
13, 13368, Note_off_c, 10, 60, 64
13, 13368, Note_off_c, 10, 61, 64
13, 13368, Note_on_c, 10, 61, 100
13, 13368, Note_on_c, 10, 60, 100
13, 13392, Note_off_c, 10, 60, 64
13, 13392, Note_off_c, 10, 61, 64
13, 13392, Note_on_c, 10, 61, 100
13, 13392, Note_on_c, 10, 60, 100
13, 13416, Note_off_c, 10, 60, 64
13, 13416, Note_off_c, 10, 61, 64
13, 13416, Note_on_c, 10, 60, 100
13, 13440, Note_off_c, 10, 60, 64
13, 13440, Note_on_c, 10, 60, 100
13, 13464, Note_off_c, 10, 60, 64
13, 13464, Note_on_c, 11, 61, 100
13, 13464, Note_on_c, 10, 60, 100
13, 13488, Note_off_c, 10, 60, 64
13, 13488, Note_off_c, 11, 61, 64
13, 13488, Note_on_c, 11, 61, 100
13, 13488, Note_on_c, 10, 60, 100
13, 13512, Note_off_c, 10, 60, 64
13, 13512, Note_off_c, 11, 61, 64
13, 13512, Note_on_c, 11, 61, 100
13, 13512, Note_on_c, 10, 60, 100
13, 13536, Note_off_c, 10, 60, 64
13, 13536, Note_off_c, 11, 61, 64
13, 13536, Note_on_c, 11, 60, 100
13, 13536, Note_on_c, 11, 61, 100
13, 13560, Note_off_c, 11, 61, 64
13, 13560, Note_off_c, 11, 60, 64
13, 13560, Note_on_c, 11, 61, 100
13, 13560, Note_on_c, 11, 60, 100
13, 13584, Note_off_c, 11, 60, 64
13, 13584, Note_off_c, 11, 61, 64
13, 13584, Note_on_c, 11, 61, 100
13, 13584, Note_on_c, 10, 60, 100
13, 13608, Note_off_c, 10, 60, 64
13, 13608, Note_off_c, 11, 61, 64
13, 13608, Note_on_c, 11, 61, 100
13, 13608, Note_on_c, 10, 60, 100
13, 13632, Note_off_c, 10, 60, 64
13, 13632, Note_off_c, 11, 61, 64
13, 13632, Note_on_c, 11, 61, 100
13, 13632, Note_on_c, 10, 60, 100
13, 13656, Note_off_c, 10, 60, 64
13, 13656, Note_off_c, 11, 61, 64
13, 13656, Note_on_c, 11, 61, 100
13, 13656, Note_on_c, 10, 60, 100
13, 13680, Note_off_c, 10, 60, 64
13, 13680, Note_off_c, 11, 61, 64
13, 13680, Note_on_c, 11, 61, 100
13, 13680, Note_on_c, 10, 60, 100
13, 13704, Note_off_c, 10, 60, 64
13, 13704, Note_off_c, 11, 61, 64
13, 13704, Note_on_c, 11, 61, 100
13, 13704, Note_on_c, 10, 60, 100
13, 13728, Note_off_c, 10, 60, 64
13, 13728, Note_off_c, 11, 61, 64
13, 13728, Note_on_c, 11, 61, 100
13, 13728, Note_on_c, 10, 60, 100
13, 13752, Note_off_c, 10, 60, 64
13, 13752, Note_off_c, 11, 61, 64
13, 13752, Note_on_c, 11, 61, 100
13, 13752, Note_on_c, 10, 60, 100
13, 13776, Note_off_c, 10, 60, 64
13, 13776, Note_off_c, 11, 61, 64
13, 13776, Note_on_c, 11, 61, 100
13, 13776, Note_on_c, 10, 60, 100
13, 13800, Note_off_c, 10, 60, 64
13, 13800, Note_off_c, 11, 61, 64
13, 13800, Note_on_c, 11, 61, 100
13, 13800, Note_on_c, 10, 60, 100
13, 13824, Note_off_c, 10, 60, 64
13, 13824, Note_off_c, 11, 61, 64
13, 13824, Note_on_c, 11, 61, 100
13, 13824, Note_on_c, 10, 60, 100
13, 13848, Note_off_c, 10, 60, 64
13, 13848, Note_off_c, 11, 61, 64
13, 13848, Note_on_c, 11, 61, 100
13, 13848, Note_on_c, 10, 60, 100
13, 13872, Note_off_c, 10, 60, 64
13, 13872, Note_off_c, 11, 61, 64
13, 13872, Note_on_c, 11, 61, 100
13, 13872, Note_on_c, 10, 60, 100
13, 13896, Note_off_c, 10, 60, 64
13, 13896, Note_off_c, 11, 61, 64
13, 13896, Note_on_c, 11, 61, 100
13, 13896, Note_on_c, 10, 60, 100
13, 13920, Note_off_c, 10, 60, 64
13, 13920, Note_off_c, 11, 61, 64
13, 13920, Note_on_c, 11, 61, 100
13, 13920, Note_on_c, 10, 60, 100
13, 13944, Note_off_c, 10, 60, 64
13, 13944, Note_off_c, 11, 61, 64
13, 13944, Note_on_c, 10, 61, 100
13, 13944, Note_on_c, 10, 60, 100
13, 13968, Note_off_c, 10, 60, 64
13, 13968, Note_off_c, 10, 61, 64
13, 13968, Note_on_c, 10, 60, 100
13, 13968, Note_on_c, 10, 61, 100
13, 13992, Note_off_c, 10, 61, 64
13, 13992, Note_off_c, 10, 60, 64
13, 13992, Note_on_c, 10, 60, 100
13, 13992, Note_on_c, 10, 61, 100
13, 14016, Note_off_c, 10, 61, 64
13, 14016, Note_off_c, 10, 60, 64
13, 14016, Note_on_c, 10, 60, 100
13, 14016, Note_on_c, 10, 61, 100
13, 14040, Note_off_c, 10, 61, 64
13, 14040, Note_off_c, 10, 60, 64
13, 14040, Note_on_c, 10, 61, 100
13, 14040, Note_on_c, 10, 60, 100
13, 14064, Note_off_c, 10, 60, 64
13, 14064, Note_off_c, 10, 61, 64
13, 14064, Note_on_c, 10, 60, 100
13, 14064, Note_on_c, 10, 61, 100
13, 14088, Note_off_c, 10, 61, 64
13, 14088, Note_off_c, 10, 60, 64
13, 14088, Note_on_c, 11, 61, 100
13, 14088, Note_on_c, 10, 60, 100
13, 14112, Note_off_c, 10, 60, 64
13, 14112, Note_off_c, 11, 61, 64
13, 14112, Note_on_c, 11, 61, 100
13, 14112, Note_on_c, 11, 60, 100
13, 14136, Note_off_c, 11, 60, 64
13, 14136, Note_off_c, 11, 61, 64
13, 14136, Note_on_c, 11, 61, 100
13, 14136, Note_on_c, 11, 60, 100
13, 14160, Note_off_c, 11, 60, 64
13, 14160, Note_off_c, 11, 61, 64
13, 14160, Note_on_c, 11, 61, 100
13, 14160, Note_on_c, 11, 60, 100
13, 14184, Note_off_c, 11, 60, 64
13, 14184, Note_off_c, 11, 61, 64
13, 14184, Note_on_c, 11, 60, 100
13, 14184, Note_on_c, 11, 61, 100
13, 14208, Note_off_c, 11, 61, 64
13, 14208, Note_off_c, 11, 60, 64
13, 14328, Note_on_c, 10, 60, 100
13, 14352, Note_off_c, 10, 60, 64
13, 14352, Note_on_c, 10, 60, 100
13, 14376, Note_off_c, 10, 60, 64
13, 14376, Note_on_c, 10, 60, 100
13, 14376, Note_on_c, 10, 60, 100
13, 14400, Note_off_c, 10, 60, 64
13, 14400, Note_off_c, 10, 60, 64
13, 14400, Note_on_c, 10, 60, 100
13, 14424, Note_off_c, 10, 60, 64
13, 14424, Note_on_c, 10, 60, 100
13, 14448, Note_off_c, 10, 60, 64
13, 14448, Note_on_c, 1, 61, 96
13, 14448, Note_on_c, 10, 60, 100
13, 14472, Note_off_c, 10, 60, 64
13, 14472, Note_off_c, 1, 61, 64
13, 14472, Note_on_c, 1, 61, 96
13, 14472, Note_on_c, 10, 60, 100
13, 14496, Note_off_c, 10, 60, 64
13, 14496, Note_off_c, 1, 61, 64
13, 14496, Note_on_c, 1, 61, 96
13, 14496, Note_on_c, 10, 60, 100
13, 14520, Note_off_c, 10, 60, 64
13, 14520, Note_off_c, 1, 61, 64
13, 14520, Note_on_c, 11, 60, 100
13, 14520, Note_on_c, 1, 61, 96
13, 14544, Note_off_c, 1, 61, 64
13, 14544, Note_off_c, 11, 60, 64
13, 14544, Note_on_c, 1, 60, 96
13, 14544, Note_on_c, 1, 61, 96
13, 14568, Note_off_c, 1, 61, 64
13, 14568, Note_off_c, 1, 60, 64
13, 14568, Note_on_c, 1, 60, 96
13, 14568, Note_on_c, 1, 61, 96
13, 14592, Note_off_c, 1, 61, 64
13, 14592, Note_off_c, 1, 60, 64
13, 14592, Note_on_c, 1, 60, 96
13, 14616, Note_off_c, 1, 60, 64
13, 14616, Note_on_c, 10, 60, 100
13, 14640, Note_off_c, 10, 60, 64
13, 14640, Note_on_c, 10, 60, 100
13, 14664, Note_off_c, 10, 60, 64
13, 14664, Note_on_c, 10, 60, 100
13, 14688, Note_off_c, 10, 60, 64
13, 14688, Note_on_c, 10, 60, 100
13, 14712, Note_off_c, 10, 60, 64
13, 14712, Note_on_c, 10, 60, 100
13, 14736, Note_off_c, 10, 60, 64
13, 14736, Note_on_c, 10, 60, 100
13, 14760, Note_off_c, 10, 60, 64
13, 14760, Note_on_c, 10, 60, 100
13, 14784, Note_off_c, 10, 60, 64
13, 14784, Note_on_c, 10, 60, 100
13, 14808, Note_off_c, 10, 60, 64
13, 14808, Note_on_c, 10, 60, 100
13, 14832, Note_off_c, 10, 60, 64
13, 14832, Note_on_c, 10, 60, 100
13, 14856, Note_off_c, 10, 60, 64
13, 14856, Note_on_c, 10, 60, 100
13, 14880, Note_off_c, 10, 60, 64
13, 14880, Note_on_c, 10, 60, 100
13, 14904, Note_off_c, 10, 60, 64
13, 14904, Note_on_c, 1, 61, 96
13, 14904, Note_on_c, 10, 60, 100
13, 14928, Note_off_c, 10, 60, 64
13, 14928, Note_off_c, 1, 61, 64
13, 14928, Note_on_c, 1, 61, 96
13, 14928, Note_on_c, 10, 60, 100
13, 14952, Note_off_c, 10, 60, 64
13, 14952, Note_off_c, 1, 61, 64
13, 14952, Note_on_c, 1, 61, 96
13, 14952, Note_on_c, 10, 60, 100
13, 14976, Note_off_c, 10, 60, 64
13, 14976, Note_off_c, 1, 61, 64
13, 15096, Note_on_c, 0, 61, 100
13, 15096, Note_on_c, 11, 60, 100
13, 15120, Note_off_c, 0, 61, 64
13, 15120, Note_off_c, 11, 60, 64
13, 15120, Note_on_c, 0, 61, 100
13, 15120, Note_on_c, 11, 60, 100
13, 15144, Note_off_c, 11, 60, 64
13, 15144, Note_off_c, 0, 61, 64
13, 15144, Note_on_c, 0, 61, 100
13, 15144, Note_on_c, 11, 60, 100
13, 15168, Note_off_c, 11, 60, 64
13, 15168, Note_off_c, 0, 61, 64
13, 15168, Note_on_c, 0, 61, 100
13, 15168, Note_on_c, 11, 60, 100
13, 15192, Note_off_c, 11, 60, 64
13, 15192, Note_off_c, 0, 61, 64
13, 15288, Note_on_c, 11, 60, 100
13, 15312, Note_off_c, 11, 60, 64
13, 15312, Note_on_c, 11, 60, 100
13, 15336, Note_off_c, 11, 60, 64
13, 15336, Note_on_c, 11, 60, 100
13, 15360, Note_off_c, 11, 60, 64
13, 15360, Note_on_c, 11, 60, 100
13, 15384, Note_off_c, 11, 60, 64
13, 15480, Note_on_c, 10, 61, 100
13, 15504, Note_off_c, 10, 61, 64
13, 15576, Note_on_c, 10, 62, 100
13, 15600, Note_off_c, 10, 62, 64
13, 15600, Note_on_c, 10, 62, 100
13, 15624, Note_off_c, 10, 62, 64
13, 15624, Note_on_c, 10, 62, 100
13, 15648, Note_off_c, 10, 62, 64
13, 15648, Note_on_c, 10, 62, 100
13, 15672, Note_off_c, 10, 62, 64
13, 15672, Note_on_c, 10, 62, 100
13, 15696, Note_off_c, 10, 62, 64
13, 15696, Note_on_c, 10, 62, 100
13, 15720, Note_off_c, 10, 62, 64
13, 15816, Note_on_c, 10, 60, 100
13, 15840, Note_off_c, 10, 60, 64
13, 15840, Note_on_c, 10, 60, 100
13, 15864, Note_off_c, 10, 60, 64
13, 15864, Note_on_c, 10, 60, 100
13, 15864, Note_on_c, 10, 61, 100
13, 15888, Note_off_c, 10, 61, 64
13, 15888, Note_off_c, 10, 60, 64
13, 15888, Note_on_c, 10, 60, 100
13, 15888, Note_on_c, 10, 61, 100
13, 15912, Note_off_c, 10, 61, 64
13, 15912, Note_off_c, 10, 60, 64
13, 15912, Note_on_c, 10, 60, 100
13, 15912, Note_on_c, 10, 61, 100
13, 15936, Note_off_c, 10, 61, 64
13, 15936, Note_off_c, 10, 60, 64
13, 15936, Note_on_c, 10, 61, 100
13, 15936, Note_on_c, 10, 60, 100
13, 15960, Note_off_c, 10, 60, 64
13, 15960, Note_off_c, 10, 61, 64
13, 15960, Note_on_c, 10, 60, 100
13, 15984, Note_off_c, 10, 60, 64
13, 15984, Note_on_c, 10, 60, 100
13, 15984, Note_on_c, 10, 61, 100
13, 16008, Note_off_c, 10, 61, 64
13, 16008, Note_off_c, 10, 60, 64
13, 16008, Note_on_c, 10, 61, 100
13, 16008, Note_on_c, 10, 60, 100
13, 16032, Note_off_c, 10, 60, 64
13, 16032, Note_off_c, 10, 61, 64
13, 16032, Note_on_c, 10, 60, 100
13, 16032, Note_on_c, 10, 61, 100
13, 16056, Note_off_c, 10, 61, 64
13, 16056, Note_off_c, 10, 60, 64
13, 16056, Note_on_c, 10, 61, 100
13, 16056, Note_on_c, 10, 60, 100
13, 16080, Note_off_c, 10, 60, 64
13, 16080, Note_off_c, 10, 61, 64
13, 16080, Note_on_c, 10, 60, 100
13, 16104, Note_off_c, 10, 60, 64
13, 16104, Note_on_c, 10, 60, 100
13, 16128, Note_off_c, 10, 60, 64
13, 16128, Note_on_c, 10, 60, 100
13, 16152, Note_off_c, 10, 60, 64
13, 16152, Note_on_c, 10, 61, 100
13, 16152, Note_on_c, 10, 60, 100
13, 16176, Note_off_c, 10, 60, 64
13, 16176, Note_off_c, 10, 61, 64
13, 16176, Note_on_c, 10, 61, 100
13, 16176, Note_on_c, 10, 60, 100
13, 16200, Note_off_c, 10, 60, 64
13, 16200, Note_off_c, 10, 61, 64
13, 16200, Note_on_c, 10, 61, 100
13, 16200, Note_on_c, 10, 60, 100
13, 16224, Note_off_c, 10, 60, 64
13, 16224, Note_off_c, 10, 61, 64
13, 16248, Note_on_c, 10, 62, 100
13, 16272, Note_off_c, 10, 62, 64
13, 16272, Note_on_c, 10, 62, 100
13, 16296, Note_off_c, 10, 62, 64
13, 16296, Note_on_c, 10, 62, 100
13, 16320, Note_off_c, 10, 62, 64
13, 16320, Note_on_c, 10, 62, 100
13, 16344, Note_off_c, 10, 62, 64
13, 16368, Note_on_c, 10, 61, 100
13, 16392, Note_off_c, 10, 61, 64
13, 16392, Note_on_c, 10, 61, 100
13, 16416, Note_off_c, 10, 61, 64
13, 16416, Note_on_c, 10, 61, 100
13, 16440, Note_off_c, 10, 61, 64
13, 16440, Note_on_c, 10, 61, 100
13, 16464, Note_off_c, 10, 61, 64
13, 16464, Note_on_c, 10, 61, 100
13, 16488, Note_off_c, 10, 61, 64
13, 16632, Note_on_c, 11, 61, 100
13, 16632, Note_on_c, 11, 60, 100
13, 16656, Note_off_c, 11, 61, 64
13, 16656, Note_off_c, 11, 60, 64
13, 16656, Note_on_c, 11, 60, 100
13, 16656, Note_on_c, 11, 61, 100
13, 16680, Note_off_c, 11, 61, 64
13, 16680, Note_off_c, 11, 60, 64
13, 16680, Note_on_c, 11, 61, 100
13, 16680, Note_on_c, 10, 60, 100
13, 16704, Note_off_c, 10, 60, 64
13, 16704, Note_off_c, 11, 61, 64
13, 16704, Note_on_c, 11, 61, 100
13, 16704, Note_on_c, 10, 60, 100
13, 16728, Note_off_c, 10, 60, 64
13, 16728, Note_off_c, 11, 61, 64
13, 16728, Note_on_c, 11, 61, 100
13, 16728, Note_on_c, 10, 60, 100
13, 16752, Note_off_c, 10, 60, 64
13, 16752, Note_off_c, 11, 61, 64
13, 16752, Note_on_c, 11, 61, 100
13, 16752, Note_on_c, 10, 60, 100
13, 16776, Note_off_c, 10, 60, 64
13, 16776, Note_off_c, 11, 61, 64
13, 16776, Note_on_c, 11, 61, 100
13, 16776, Note_on_c, 10, 60, 100
13, 16800, Note_off_c, 10, 60, 64
13, 16800, Note_off_c, 11, 61, 64
13, 16800, Note_on_c, 11, 61, 100
13, 16800, Note_on_c, 10, 60, 100
13, 16824, Note_off_c, 10, 60, 64
13, 16824, Note_off_c, 11, 61, 64
13, 16824, Note_on_c, 11, 61, 100
13, 16824, Note_on_c, 10, 60, 100
13, 16848, Note_off_c, 10, 60, 64
13, 16848, Note_off_c, 11, 61, 64
13, 16848, Note_on_c, 11, 61, 100
13, 16848, Note_on_c, 10, 60, 100
13, 16872, Note_off_c, 10, 60, 64
13, 16872, Note_off_c, 11, 61, 64
13, 16872, Note_on_c, 11, 61, 100
13, 16872, Note_on_c, 10, 60, 100
13, 16896, Note_off_c, 10, 60, 64
13, 16896, Note_off_c, 11, 61, 64
13, 16896, Note_on_c, 10, 60, 100
13, 16920, Note_off_c, 10, 60, 64
13, 16920, Note_on_c, 10, 60, 100
13, 16944, Note_off_c, 10, 60, 64
13, 16944, Note_on_c, 10, 60, 100
13, 16968, Note_off_c, 10, 60, 64
13, 16968, Note_on_c, 10, 60, 100
13, 16992, Note_off_c, 10, 60, 64
13, 16992, Note_on_c, 10, 60, 100
13, 17016, Note_off_c, 10, 60, 64
13, 17016, Note_on_c, 10, 60, 100
13, 17016, Note_on_c, 10, 61, 100
13, 17040, Note_off_c, 10, 61, 64
13, 17040, Note_off_c, 10, 60, 64
13, 17040, Note_on_c, 10, 60, 100
13, 17040, Note_on_c, 10, 61, 100
13, 17064, Note_off_c, 10, 61, 64
13, 17064, Note_off_c, 10, 60, 64
13, 17064, Note_on_c, 10, 61, 100
13, 17064, Note_on_c, 10, 60, 100
13, 17088, Note_off_c, 10, 60, 64
13, 17088, Note_off_c, 10, 61, 64
13, 17088, Note_on_c, 10, 61, 100
13, 17088, Note_on_c, 10, 60, 100
13, 17112, Note_off_c, 10, 60, 64
13, 17112, Note_off_c, 10, 61, 64
13, 17112, Note_on_c, 10, 60, 100
13, 17136, Note_off_c, 10, 60, 64
13, 17352, Note_on_c, 11, 60, 100
13, 17352, Note_on_c, 11, 61, 100
13, 17376, Note_off_c, 11, 60, 64
13, 17376, Note_off_c, 11, 61, 64
13, 17376, Note_on_c, 11, 60, 100
13, 17376, Note_on_c, 11, 61, 100
13, 17400, Note_off_c, 11, 61, 64
13, 17400, Note_off_c, 11, 60, 64
13, 17400, Note_on_c, 11, 60, 100
13, 17400, Note_on_c, 11, 61, 100
13, 17424, Note_off_c, 11, 61, 64
13, 17424, Note_off_c, 11, 60, 64
13, 17424, Note_on_c, 11, 61, 100
13, 17424, Note_on_c, 10, 60, 100
13, 17448, Note_off_c, 10, 60, 64
13, 17448, Note_off_c, 11, 61, 64
13, 17448, Note_on_c, 11, 61, 100
13, 17448, Note_on_c, 10, 60, 100
13, 17472, Note_off_c, 10, 60, 64
13, 17472, Note_off_c, 11, 61, 64
13, 17472, Note_on_c, 11, 61, 100
13, 17472, Note_on_c, 10, 60, 100
13, 17496, Note_off_c, 10, 60, 64
13, 17496, Note_off_c, 11, 61, 64
13, 17496, Note_on_c, 11, 61, 100
13, 17496, Note_on_c, 10, 60, 100
13, 17520, Note_off_c, 10, 60, 64
13, 17520, Note_off_c, 11, 61, 64
13, 17520, Note_on_c, 10, 60, 100
13, 17544, Note_off_c, 10, 60, 64
13, 17544, Note_on_c, 10, 60, 100
13, 17568, Note_off_c, 10, 60, 64
13, 17568, Note_on_c, 10, 60, 100
13, 17592, Note_off_c, 10, 60, 64
13, 17592, Note_on_c, 10, 60, 100
13, 17616, Note_off_c, 10, 60, 64
13, 17616, Note_on_c, 10, 60, 100
13, 17640, Note_off_c, 10, 60, 64
13, 17640, Note_on_c, 10, 60, 100
13, 17664, Note_off_c, 10, 60, 64
13, 17664, Note_on_c, 10, 60, 100
13, 17688, Note_off_c, 10, 60, 64
13, 17688, Note_on_c, 10, 61, 100
13, 17688, Note_on_c, 10, 60, 100
13, 17712, Note_off_c, 10, 60, 64
13, 17712, Note_off_c, 10, 61, 64
13, 17712, Note_on_c, 10, 61, 100
13, 17712, Note_on_c, 10, 60, 100
13, 17736, Note_off_c, 10, 60, 64
13, 17736, Note_off_c, 10, 61, 64
13, 17736, Note_on_c, 10, 61, 100
13, 17736, Note_on_c, 10, 60, 100
13, 17760, Note_off_c, 10, 60, 64
13, 17760, Note_off_c, 10, 61, 64
13, 17760, Note_on_c, 10, 61, 100
13, 17760, Note_on_c, 10, 60, 100
13, 17784, Note_off_c, 10, 60, 64
13, 17784, Note_off_c, 10, 61, 64
13, 17784, Note_on_c, 10, 60, 100
13, 17784, Note_on_c, 10, 61, 100
13, 17808, Note_off_c, 10, 61, 64
13, 17808, Note_off_c, 10, 60, 64
13, 17808, Note_on_c, 10, 61, 100
13, 17808, Note_on_c, 10, 60, 100
13, 17832, Note_off_c, 10, 60, 64
13, 17832, Note_off_c, 10, 61, 64
13, 17832, Note_on_c, 10, 61, 100
13, 17832, Note_on_c, 10, 60, 100
13, 17856, Note_off_c, 10, 60, 64
13, 17856, Note_off_c, 10, 61, 64
13, 17856, Note_on_c, 10, 60, 101
13, 17880, Note_off_c, 10, 60, 64
13, 17880, Note_on_c, 11, 60, 100
13, 17904, Note_off_c, 11, 60, 64
13, 17904, Note_on_c, 11, 60, 100
13, 17928, Note_off_c, 11, 60, 64
13, 17928, Note_on_c, 11, 60, 100
13, 17952, Note_off_c, 11, 60, 64
13, 17952, Note_on_c, 11, 60, 100
13, 17976, Note_off_c, 11, 60, 64
13, 17976, Note_on_c, 11, 60, 100
13, 18000, Note_off_c, 11, 60, 64
13, 18000, Note_on_c, 11, 60, 100
13, 18024, Note_off_c, 11, 60, 64
13, 18024, Note_on_c, 11, 60, 100
13, 18048, Note_off_c, 11, 60, 64
13, 18168, Note_on_c, 11, 61, 100
13, 18168, Note_on_c, 11, 60, 100
13, 18192, Note_off_c, 11, 61, 64
13, 18192, Note_off_c, 11, 60, 64
13, 18192, Note_on_c, 11, 60, 100
13, 18192, Note_on_c, 11, 61, 100
13, 18216, Note_off_c, 11, 61, 64
13, 18216, Note_off_c, 11, 60, 64
13, 18216, Note_on_c, 11, 60, 100
13, 18216, Note_on_c, 11, 61, 100
13, 18240, Note_off_c, 11, 61, 64
13, 18240, Note_off_c, 11, 60, 64
13, 18240, Note_on_c, 11, 60, 100
13, 18240, Note_on_c, 11, 61, 100
13, 18264, Note_off_c, 11, 61, 64
13, 18264, Note_off_c, 11, 60, 64
13, 18264, Note_on_c, 11, 60, 100
13, 18264, Note_on_c, 11, 61, 100
13, 18288, Note_off_c, 11, 61, 64
13, 18288, Note_off_c, 11, 60, 64
13, 18288, Note_on_c, 11, 60, 100
13, 18288, Note_on_c, 11, 61, 100
13, 18312, Note_off_c, 11, 61, 64
13, 18312, Note_off_c, 11, 60, 64
13, 18312, Note_on_c, 11, 60, 100
13, 18312, Note_on_c, 11, 61, 100
13, 18336, Note_off_c, 11, 61, 64
13, 18336, Note_off_c, 11, 60, 64
13, 18336, Note_on_c, 11, 60, 100
13, 18336, Note_on_c, 11, 61, 100
13, 18360, Note_off_c, 11, 61, 64
13, 18360, Note_off_c, 11, 60, 64
13, 18360, Note_on_c, 11, 60, 100
13, 18360, Note_on_c, 11, 61, 100
13, 18384, Note_off_c, 11, 61, 64
13, 18384, Note_off_c, 11, 60, 64
13, 18384, Note_on_c, 11, 60, 100
13, 18384, Note_on_c, 11, 61, 100
13, 18408, Note_off_c, 11, 61, 64
13, 18408, Note_off_c, 11, 60, 64
13, 18408, Note_on_c, 11, 60, 100
13, 18408, Note_on_c, 11, 61, 100
13, 18432, Note_off_c, 11, 61, 64
13, 18432, Note_off_c, 11, 60, 64
13, 18432, Note_on_c, 11, 60, 100
13, 18456, Note_off_c, 11, 60, 64
13, 18456, Note_on_c, 10, 60, 100
13, 18480, Note_off_c, 10, 60, 64
13, 18480, Note_on_c, 10, 60, 100
13, 18504, Note_off_c, 10, 60, 64
13, 18504, Note_on_c, 10, 60, 100
13, 18528, Note_off_c, 10, 60, 64
13, 18528, Note_on_c, 10, 61, 100
13, 18528, Note_on_c, 10, 60, 100
13, 18552, Note_off_c, 10, 60, 64
13, 18552, Note_off_c, 10, 61, 64
13, 18552, Note_on_c, 10, 60, 100
13, 18552, Note_on_c, 10, 61, 100
13, 18576, Note_off_c, 10, 61, 64
13, 18576, Note_off_c, 10, 60, 64
13, 18576, Note_on_c, 10, 60, 100
13, 18576, Note_on_c, 10, 61, 100
13, 18600, Note_off_c, 10, 61, 64
13, 18600, Note_off_c, 10, 60, 64
13, 18600, Note_on_c, 10, 60, 100
13, 18624, Note_off_c, 10, 60, 64
13, 18816, Note_off_c, 10, 59, 64
13, 18816, Note_off_c, 10, 66, 64
13, 18816, End_track
14, 0, Start_track
14, 0, Title_t, "pique"
14, 0, Note_on_c, 11, 0, 100
14, 48, Note_off_c, 11, 0, 64
14, 12816, Note_on_c, 11, 65, 100
14, 12840, Note_off_c, 11, 65, 64
14, 12840, Note_on_c, 11, 65, 100
14, 12864, Note_off_c, 11, 65, 64
14, 12888, Note_on_c, 11, 63, 101
14, 12912, Note_off_c, 11, 63, 64
14, 12960, Note_on_c, 11, 65, 100
14, 12984, Note_off_c, 11, 65, 64
14, 12984, Note_on_c, 11, 64, 100
14, 13008, Note_off_c, 11, 64, 64
14, 13008, Note_on_c, 11, 65, 100
14, 13032, Note_off_c, 11, 65, 64
14, 13032, Note_on_c, 11, 65, 100
14, 13056, Note_off_c, 11, 65, 64
14, 13272, Note_on_c, 11, 65, 100
14, 13296, Note_off_c, 11, 65, 64
14, 13296, Note_on_c, 11, 62, 100
14, 13320, Note_off_c, 11, 62, 64
14, 13392, Note_on_c, 11, 62, 100
14, 13416, Note_off_c, 11, 62, 64
14, 13464, Note_on_c, 11, 62, 100
14, 13488, Note_off_c, 11, 62, 64
14, 13488, Note_on_c, 11, 62, 100
14, 13512, Note_off_c, 11, 62, 64
14, 13512, Note_on_c, 11, 62, 100
14, 13536, Note_off_c, 11, 62, 64
14, 13536, Note_on_c, 11, 62, 100
14, 13560, Note_off_c, 11, 62, 64
14, 13560, Note_on_c, 11, 65, 100
14, 13560, Note_on_c, 11, 62, 100
14, 13584, Note_off_c, 11, 62, 64
14, 13584, Note_off_c, 11, 65, 64
14, 13584, Note_on_c, 11, 65, 100
14, 13584, Note_on_c, 11, 62, 100
14, 13608, Note_off_c, 11, 62, 64
14, 13608, Note_off_c, 11, 65, 64
14, 13608, Note_on_c, 11, 62, 100
14, 13632, Note_off_c, 11, 62, 64
14, 13632, Note_on_c, 11, 62, 100
14, 13656, Note_off_c, 11, 62, 64
14, 13656, Note_on_c, 11, 65, 100
14, 13656, Note_on_c, 11, 62, 100
14, 13680, Note_off_c, 11, 62, 64
14, 13680, Note_off_c, 11, 65, 64
14, 13680, Note_on_c, 11, 62, 100
14, 13704, Note_off_c, 11, 62, 64
14, 13704, Note_on_c, 11, 62, 100
14, 13728, Note_off_c, 11, 62, 64
14, 13728, Note_on_c, 11, 62, 100
14, 13752, Note_off_c, 11, 62, 64
14, 13752, Note_on_c, 11, 65, 100
14, 13752, Note_on_c, 11, 62, 100
14, 13776, Note_off_c, 11, 62, 64
14, 13776, Note_off_c, 11, 65, 64
14, 13776, Note_on_c, 11, 62, 100
14, 13800, Note_off_c, 11, 62, 64
14, 13800, Note_on_c, 11, 62, 100
14, 13824, Note_off_c, 11, 62, 64
14, 13824, Note_on_c, 11, 62, 100
14, 13848, Note_off_c, 11, 62, 64
14, 13848, Note_on_c, 11, 65, 100
14, 13848, Note_on_c, 11, 62, 100
14, 13872, Note_off_c, 11, 62, 64
14, 13872, Note_off_c, 11, 65, 64
14, 13872, Note_on_c, 11, 62, 100
14, 13896, Note_off_c, 11, 62, 64
14, 13896, Note_on_c, 11, 62, 100
14, 13920, Note_off_c, 11, 62, 64
14, 13920, Note_on_c, 11, 62, 100
14, 13944, Note_off_c, 11, 62, 64
14, 13944, Note_on_c, 11, 65, 100
14, 13944, Note_on_c, 11, 62, 100
14, 13968, Note_off_c, 11, 62, 64
14, 13968, Note_off_c, 11, 65, 64
14, 13968, Note_on_c, 11, 62, 100
14, 13992, Note_off_c, 11, 62, 64
14, 13992, Note_on_c, 11, 62, 100
14, 14016, Note_off_c, 11, 62, 64
14, 14016, Note_on_c, 11, 62, 100
14, 14040, Note_off_c, 11, 62, 64
14, 14040, Note_on_c, 11, 65, 100
14, 14040, Note_on_c, 11, 62, 100
14, 14064, Note_off_c, 11, 62, 64
14, 14064, Note_off_c, 11, 65, 64
14, 14064, Note_on_c, 11, 62, 100
14, 14088, Note_off_c, 11, 62, 64
14, 14088, Note_on_c, 11, 62, 100
14, 14112, Note_off_c, 11, 62, 64
14, 14112, Note_on_c, 11, 62, 100
14, 14136, Note_off_c, 11, 62, 64
14, 14136, Note_on_c, 11, 62, 100
14, 14160, Note_off_c, 11, 62, 64
14, 14160, Note_on_c, 11, 62, 100
14, 14184, Note_off_c, 11, 62, 64
14, 14184, Note_on_c, 11, 62, 100
14, 14208, Note_off_c, 11, 62, 64
14, 14208, Note_on_c, 11, 63, 100
14, 14208, Note_on_c, 11, 64, 100
14, 14232, Note_off_c, 11, 64, 64
14, 14232, Note_off_c, 11, 63, 64
14, 14280, Note_on_c, 11, 60, 96
14, 14304, Note_off_c, 11, 60, 64
14, 14304, Note_on_c, 11, 60, 96
14, 14328, Note_off_c, 11, 60, 64
14, 14400, Note_on_c, 11, 65, 96
14, 14424, Note_off_c, 11, 65, 64
14, 14424, Note_on_c, 11, 65, 96
14, 14424, Note_on_c, 11, 61, 100
14, 14448, Note_off_c, 11, 61, 64
14, 14448, Note_off_c, 11, 65, 64
14, 14448, Note_on_c, 11, 65, 96
14, 14472, Note_off_c, 11, 65, 64
14, 14472, Note_on_c, 11, 65, 96
14, 14496, Note_off_c, 11, 65, 64
14, 14496, Note_on_c, 11, 65, 96
14, 14520, Note_off_c, 11, 65, 64
14, 14520, Note_on_c, 11, 65, 96
14, 14520, Note_on_c, 11, 62, 100
14, 14544, Note_off_c, 11, 62, 64
14, 14544, Note_off_c, 11, 65, 64
14, 14544, Note_on_c, 11, 65, 96
14, 14568, Note_off_c, 11, 65, 64
14, 14568, Note_on_c, 11, 65, 96
14, 14592, Note_off_c, 11, 65, 64
14, 14592, Note_on_c, 11, 65, 96
14, 14616, Note_off_c, 11, 65, 64
14, 14616, Note_on_c, 11, 65, 96
14, 14640, Note_off_c, 11, 65, 64
14, 14640, Note_on_c, 11, 65, 96
14, 14664, Note_off_c, 11, 65, 64
14, 14664, Note_on_c, 11, 65, 96
14, 14688, Note_off_c, 11, 65, 64
14, 14688, Note_on_c, 11, 65, 96
14, 14688, Note_on_c, 11, 61, 100
14, 14712, Note_off_c, 11, 61, 64
14, 14712, Note_off_c, 11, 65, 64
14, 14712, Note_on_c, 11, 65, 96
14, 14736, Note_off_c, 11, 65, 64
14, 14736, Note_on_c, 11, 65, 96
14, 14760, Note_off_c, 11, 65, 64
14, 14760, Note_on_c, 11, 65, 96
14, 14784, Note_off_c, 11, 65, 64
14, 14784, Note_on_c, 11, 65, 96
14, 14808, Note_off_c, 11, 65, 64
14, 14808, Note_on_c, 11, 65, 96
14, 14832, Note_off_c, 11, 65, 64
14, 14832, Note_on_c, 11, 65, 96
14, 14856, Note_off_c, 11, 65, 64
14, 14856, Note_on_c, 11, 65, 96
14, 14880, Note_off_c, 11, 65, 64
14, 14880, Note_on_c, 11, 61, 96
14, 14880, Note_on_c, 11, 65, 96
14, 14904, Note_off_c, 11, 65, 64
14, 14904, Note_off_c, 11, 61, 64
14, 14904, Note_on_c, 11, 65, 96
14, 14928, Note_off_c, 11, 65, 64
14, 14928, Note_on_c, 11, 65, 96
14, 14952, Note_off_c, 11, 65, 64
14, 14952, Note_on_c, 11, 62, 96
14, 14952, Note_on_c, 11, 65, 96
14, 14976, Note_off_c, 11, 65, 64
14, 14976, Note_off_c, 11, 62, 64
14, 14976, Note_on_c, 11, 65, 96
14, 15000, Note_off_c, 11, 65, 64
14, 15000, Note_on_c, 11, 65, 96
14, 15024, Note_off_c, 11, 65, 64
14, 15024, Note_on_c, 11, 65, 96
14, 15048, Note_off_c, 11, 65, 64
14, 15048, Note_on_c, 11, 65, 96
14, 15072, Note_off_c, 11, 65, 64
14, 15072, Note_on_c, 11, 65, 96
14, 15096, Note_off_c, 11, 65, 64
14, 15096, Note_on_c, 11, 65, 96
14, 15120, Note_off_c, 11, 65, 64
14, 15120, Note_on_c, 11, 65, 96
14, 15144, Note_off_c, 11, 65, 64
14, 15144, Note_on_c, 11, 62, 100
14, 15144, Note_on_c, 11, 65, 96
14, 15168, Note_off_c, 11, 65, 64
14, 15168, Note_off_c, 11, 62, 64
14, 15168, Note_on_c, 11, 65, 96
14, 15192, Note_off_c, 11, 65, 64
14, 15192, Note_on_c, 11, 60, 100
14, 15192, Note_on_c, 11, 65, 96
14, 15216, Note_off_c, 11, 65, 64
14, 15216, Note_off_c, 11, 60, 64
14, 15216, Note_on_c, 11, 65, 96
14, 15240, Note_off_c, 11, 65, 64
14, 15240, Note_on_c, 11, 63, 100
14, 15240, Note_on_c, 11, 65, 96
14, 15264, Note_off_c, 11, 65, 64
14, 15264, Note_off_c, 11, 63, 64
14, 15264, Note_on_c, 11, 65, 96
14, 15288, Note_off_c, 11, 65, 64
14, 15288, Note_on_c, 11, 65, 96
14, 15312, Note_off_c, 11, 65, 64
14, 15312, Note_on_c, 11, 65, 96
14, 15336, Note_off_c, 11, 65, 64
14, 15336, Note_on_c, 11, 61, 100
14, 15336, Note_on_c, 11, 65, 96
14, 15360, Note_off_c, 11, 65, 64
14, 15360, Note_off_c, 11, 61, 64
14, 15360, Note_on_c, 11, 65, 96
14, 15384, Note_off_c, 11, 65, 64
14, 15384, Note_on_c, 11, 65, 96
14, 15408, Note_off_c, 11, 65, 64
14, 15408, Note_on_c, 11, 65, 96
14, 15432, Note_off_c, 11, 65, 64
14, 15432, Note_on_c, 11, 65, 96
14, 15456, Note_off_c, 11, 65, 64
14, 15456, Note_on_c, 11, 65, 96
14, 15480, Note_off_c, 11, 65, 64
14, 15480, Note_on_c, 11, 65, 96
14, 15504, Note_off_c, 11, 65, 64
14, 15504, Note_on_c, 11, 65, 96
14, 15528, Note_off_c, 11, 65, 64
14, 15528, Note_on_c, 11, 65, 96
14, 15552, Note_off_c, 11, 65, 64
14, 15552, Note_on_c, 11, 65, 96
14, 15576, Note_off_c, 11, 65, 64
14, 15576, Note_on_c, 11, 65, 96
14, 15576, Note_on_c, 11, 60, 100
14, 15600, Note_off_c, 11, 60, 64
14, 15600, Note_off_c, 11, 65, 64
14, 15600, Note_on_c, 11, 65, 96
14, 15600, Note_on_c, 11, 60, 100
14, 15624, Note_off_c, 11, 60, 64
14, 15624, Note_off_c, 11, 65, 64
14, 15624, Note_on_c, 11, 65, 96
14, 15624, Note_on_c, 11, 60, 100
14, 15648, Note_off_c, 11, 60, 64
14, 15648, Note_off_c, 11, 65, 64
14, 15648, Note_on_c, 11, 65, 96
14, 15648, Note_on_c, 11, 60, 100
14, 15672, Note_off_c, 11, 60, 64
14, 15672, Note_off_c, 11, 65, 64
14, 15672, Note_on_c, 11, 65, 96
14, 15672, Note_on_c, 11, 60, 100
14, 15696, Note_off_c, 11, 60, 64
14, 15696, Note_off_c, 11, 65, 64
14, 15696, Note_on_c, 11, 65, 96
14, 15696, Note_on_c, 11, 60, 100
14, 15720, Note_off_c, 11, 60, 64
14, 15720, Note_off_c, 11, 65, 64
14, 15720, Note_on_c, 11, 65, 96
14, 15744, Note_off_c, 11, 65, 64
14, 15744, Note_on_c, 11, 65, 96
14, 15768, Note_off_c, 11, 65, 64
14, 15768, Note_on_c, 11, 65, 96
14, 15768, Note_on_c, 11, 63, 100
14, 15792, Note_off_c, 11, 63, 64
14, 15792, Note_off_c, 11, 65, 64
14, 15792, Note_on_c, 11, 65, 96
14, 15816, Note_off_c, 11, 65, 64
14, 15816, Note_on_c, 11, 65, 96
14, 15840, Note_off_c, 11, 65, 64
14, 15840, Note_on_c, 11, 65, 96
14, 15864, Note_off_c, 11, 65, 64
14, 15864, Note_on_c, 11, 65, 96
14, 15888, Note_off_c, 11, 65, 64
14, 15888, Note_on_c, 11, 65, 96
14, 15912, Note_off_c, 11, 65, 64
14, 15912, Note_on_c, 11, 62, 100
14, 15912, Note_on_c, 11, 65, 96
14, 15936, Note_off_c, 11, 65, 64
14, 15936, Note_off_c, 11, 62, 64
14, 15936, Note_on_c, 11, 65, 96
14, 15960, Note_off_c, 11, 65, 64
14, 15960, Note_on_c, 11, 61, 100
14, 15960, Note_on_c, 11, 65, 96
14, 15984, Note_off_c, 11, 65, 64
14, 15984, Note_off_c, 11, 61, 64
14, 15984, Note_on_c, 11, 65, 96
14, 16008, Note_off_c, 11, 65, 64
14, 16008, Note_on_c, 11, 65, 96
14, 16032, Note_off_c, 11, 65, 64
14, 16032, Note_on_c, 11, 65, 96
14, 16056, Note_off_c, 11, 65, 64
14, 16056, Note_on_c, 11, 62, 100
14, 16056, Note_on_c, 11, 65, 96
14, 16080, Note_off_c, 11, 65, 64
14, 16080, Note_off_c, 11, 62, 64
14, 16080, Note_on_c, 11, 65, 96
14, 16104, Note_off_c, 11, 65, 64
14, 16104, Note_on_c, 11, 65, 96
14, 16128, Note_off_c, 11, 65, 64
14, 16128, Note_on_c, 11, 65, 96
14, 16152, Note_off_c, 11, 65, 64
14, 16152, Note_on_c, 11, 65, 96
14, 16176, Note_off_c, 11, 65, 64
14, 16176, Note_on_c, 11, 65, 96
14, 16200, Note_off_c, 11, 65, 64
14, 16200, Note_on_c, 11, 65, 96
14, 16224, Note_off_c, 11, 65, 64
14, 16224, Note_on_c, 11, 65, 96
14, 16224, Note_on_c, 11, 60, 100
14, 16248, Note_off_c, 11, 60, 64
14, 16248, Note_off_c, 11, 65, 64
14, 16248, Note_on_c, 11, 65, 96
14, 16248, Note_on_c, 11, 60, 100
14, 16272, Note_off_c, 11, 60, 64
14, 16272, Note_off_c, 11, 65, 64
14, 16272, Note_on_c, 11, 65, 96
14, 16272, Note_on_c, 11, 60, 100
14, 16296, Note_off_c, 11, 60, 64
14, 16296, Note_off_c, 11, 65, 64
14, 16296, Note_on_c, 11, 65, 96
14, 16296, Note_on_c, 11, 60, 100
14, 16320, Note_off_c, 11, 60, 64
14, 16320, Note_off_c, 11, 65, 64
14, 16320, Note_on_c, 11, 65, 96
14, 16320, Note_on_c, 11, 60, 100
14, 16344, Note_off_c, 11, 60, 64
14, 16344, Note_off_c, 11, 65, 64
14, 16344, Note_on_c, 11, 65, 96
14, 16344, Note_on_c, 11, 60, 100
14, 16368, Note_off_c, 11, 60, 64
14, 16368, Note_off_c, 11, 65, 64
14, 16368, Note_on_c, 11, 65, 96
14, 16368, Note_on_c, 11, 60, 100
14, 16392, Note_off_c, 11, 60, 64
14, 16392, Note_off_c, 11, 65, 64
14, 16392, Note_on_c, 11, 65, 96
14, 16416, Note_off_c, 11, 65, 64
14, 16416, Note_on_c, 11, 65, 96
14, 16440, Note_off_c, 11, 65, 64
14, 16440, Note_on_c, 11, 62, 100
14, 16440, Note_on_c, 11, 65, 96
14, 16464, Note_off_c, 11, 65, 64
14, 16464, Note_off_c, 11, 62, 64
14, 16464, Note_on_c, 11, 65, 96
14, 16488, Note_off_c, 11, 65, 64
14, 16488, Note_on_c, 11, 65, 96
14, 16512, Note_off_c, 11, 65, 64
14, 16512, Note_on_c, 11, 65, 96
14, 16536, Note_off_c, 11, 65, 64
14, 16536, Note_on_c, 11, 65, 96
14, 16536, Note_on_c, 11, 64, 100
14, 16560, Note_off_c, 11, 64, 64
14, 16560, Note_off_c, 11, 65, 64
14, 16560, Note_on_c, 11, 65, 96
14, 16584, Note_off_c, 11, 65, 64
14, 16584, Note_on_c, 11, 65, 96
14, 16608, Note_off_c, 11, 65, 64
14, 16608, Note_on_c, 11, 65, 96
14, 16632, Note_off_c, 11, 65, 64
14, 16632, Note_on_c, 11, 65, 96
14, 16656, Note_off_c, 11, 65, 64
14, 16656, Note_on_c, 11, 65, 96
14, 16680, Note_off_c, 11, 65, 64
14, 16680, Note_on_c, 11, 65, 96
14, 16704, Note_off_c, 11, 65, 64
14, 16704, Note_on_c, 11, 65, 96
14, 16728, Note_off_c, 11, 65, 64
14, 16728, Note_on_c, 11, 62, 100
14, 16728, Note_on_c, 11, 65, 96
14, 16752, Note_off_c, 11, 65, 64
14, 16752, Note_off_c, 11, 62, 64
14, 16752, Note_on_c, 11, 65, 96
14, 16776, Note_off_c, 11, 65, 64
14, 16776, Note_on_c, 11, 65, 96
14, 16800, Note_off_c, 11, 65, 64
14, 16800, Note_on_c, 11, 65, 96
14, 16824, Note_off_c, 11, 65, 64
14, 16824, Note_on_c, 11, 62, 100
14, 16824, Note_on_c, 11, 65, 96
14, 16848, Note_off_c, 11, 65, 64
14, 16848, Note_off_c, 11, 62, 64
14, 16848, Note_on_c, 11, 65, 96
14, 16872, Note_off_c, 11, 65, 64
14, 16872, Note_on_c, 11, 65, 96
14, 16896, Note_off_c, 11, 65, 64
14, 16896, Note_on_c, 11, 65, 96
14, 16920, Note_off_c, 11, 65, 64
14, 16920, Note_on_c, 11, 63, 100
14, 16920, Note_on_c, 11, 65, 96
14, 16944, Note_off_c, 11, 65, 64
14, 16944, Note_off_c, 11, 63, 64
14, 16944, Note_on_c, 11, 63, 100
14, 16944, Note_on_c, 11, 65, 96
14, 16968, Note_off_c, 11, 65, 64
14, 16968, Note_off_c, 11, 63, 64
14, 16968, Note_on_c, 11, 65, 96
14, 16992, Note_off_c, 11, 65, 64
14, 16992, Note_on_c, 11, 65, 96
14, 17016, Note_off_c, 11, 65, 64
14, 17016, Note_on_c, 11, 65, 96
14, 17040, Note_off_c, 11, 65, 64
14, 17040, Note_on_c, 11, 65, 96
14, 17064, Note_off_c, 11, 65, 64
14, 17064, Note_on_c, 11, 65, 96
14, 17088, Note_off_c, 11, 65, 64
14, 17088, Note_on_c, 11, 65, 96
14, 17112, Note_off_c, 11, 65, 64
14, 17112, Note_on_c, 11, 65, 96
14, 17136, Note_off_c, 11, 65, 64
14, 17136, Note_on_c, 11, 65, 96
14, 17160, Note_off_c, 11, 65, 64
14, 17160, Note_on_c, 11, 65, 96
14, 17184, Note_off_c, 11, 65, 64
14, 17184, Note_on_c, 11, 65, 96
14, 17208, Note_off_c, 11, 65, 64
14, 17208, Note_on_c, 11, 65, 96
14, 17232, Note_off_c, 11, 65, 64
14, 17232, Note_on_c, 11, 65, 96
14, 17256, Note_off_c, 11, 65, 64
14, 17256, Note_on_c, 11, 65, 96
14, 17280, Note_off_c, 11, 65, 64
14, 17280, Note_on_c, 11, 65, 96
14, 17304, Note_off_c, 11, 65, 64
14, 17304, Note_on_c, 11, 65, 96
14, 17328, Note_off_c, 11, 65, 64
14, 17328, Note_on_c, 11, 65, 96
14, 17352, Note_off_c, 11, 65, 64
14, 17352, Note_on_c, 11, 65, 96
14, 17376, Note_off_c, 11, 65, 64
14, 17376, Note_on_c, 11, 65, 96
14, 17400, Note_off_c, 11, 65, 64
14, 17400, Note_on_c, 11, 62, 100
14, 17400, Note_on_c, 11, 65, 96
14, 17424, Note_off_c, 11, 65, 64
14, 17424, Note_off_c, 11, 62, 64
14, 17424, Note_on_c, 11, 65, 96
14, 17448, Note_off_c, 11, 65, 64
14, 17448, Note_on_c, 11, 65, 96
14, 17472, Note_off_c, 11, 65, 64
14, 17472, Note_on_c, 11, 65, 96
14, 17496, Note_off_c, 11, 65, 64
14, 17496, Note_on_c, 11, 62, 100
14, 17496, Note_on_c, 11, 65, 96
14, 17520, Note_off_c, 11, 65, 64
14, 17520, Note_off_c, 11, 62, 64
14, 17520, Note_on_c, 11, 65, 96
14, 17544, Note_off_c, 11, 65, 64
14, 17544, Note_on_c, 11, 65, 96
14, 17568, Note_off_c, 11, 65, 64
14, 17568, Note_on_c, 11, 65, 96
14, 17592, Note_off_c, 11, 65, 64
14, 17592, Note_on_c, 11, 61, 100
14, 17592, Note_on_c, 11, 65, 96
14, 17616, Note_off_c, 11, 65, 64
14, 17616, Note_off_c, 11, 61, 64
14, 17616, Note_on_c, 11, 65, 96
14, 17640, Note_off_c, 11, 65, 64
14, 17640, Note_on_c, 11, 65, 96
14, 17664, Note_off_c, 11, 65, 64
14, 17664, Note_on_c, 11, 65, 96
14, 17688, Note_off_c, 11, 65, 64
14, 17688, Note_on_c, 11, 65, 96
14, 17712, Note_off_c, 11, 65, 64
14, 17712, Note_on_c, 11, 65, 96
14, 17736, Note_off_c, 11, 65, 64
14, 17736, Note_on_c, 11, 65, 96
14, 17760, Note_off_c, 11, 65, 64
14, 17760, Note_on_c, 11, 65, 96
14, 17784, Note_off_c, 11, 65, 64
14, 17784, Note_on_c, 11, 62, 100
14, 17784, Note_on_c, 11, 65, 96
14, 17808, Note_off_c, 11, 65, 64
14, 17808, Note_off_c, 11, 62, 64
14, 17808, Note_on_c, 11, 65, 96
14, 17832, Note_off_c, 11, 65, 64
14, 17832, Note_on_c, 11, 65, 96
14, 17856, Note_off_c, 11, 65, 64
14, 17856, Note_on_c, 11, 65, 96
14, 17880, Note_off_c, 11, 65, 64
14, 17880, Note_on_c, 11, 65, 96
14, 17904, Note_off_c, 11, 65, 64
14, 17904, Note_on_c, 11, 65, 96
14, 17928, Note_off_c, 11, 65, 64
14, 17928, Note_on_c, 11, 61, 100
14, 17928, Note_on_c, 11, 65, 96
14, 17952, Note_off_c, 11, 65, 64
14, 17952, Note_off_c, 11, 61, 64
14, 17952, Note_on_c, 11, 65, 96
14, 17976, Note_off_c, 11, 65, 64
14, 17976, Note_on_c, 11, 65, 96
14, 18000, Note_off_c, 11, 65, 64
14, 18000, Note_on_c, 11, 61, 100
14, 18000, Note_on_c, 11, 65, 96
14, 18024, Note_off_c, 11, 65, 64
14, 18024, Note_off_c, 11, 61, 64
14, 18024, Note_on_c, 11, 65, 96
14, 18048, Note_off_c, 11, 65, 64
14, 18048, Note_on_c, 11, 65, 96
14, 18048, Note_on_c, 11, 63, 100
14, 18072, Note_off_c, 11, 63, 64
14, 18072, Note_off_c, 11, 65, 64
14, 18072, Note_on_c, 11, 65, 96
14, 18096, Note_off_c, 11, 65, 64
14, 18096, Note_on_c, 11, 65, 96
14, 18120, Note_off_c, 11, 65, 64
14, 18120, Note_on_c, 11, 65, 96
14, 18144, Note_off_c, 11, 65, 64
14, 18144, Note_on_c, 11, 65, 96
14, 18168, Note_off_c, 11, 65, 64
14, 18168, Note_on_c, 11, 65, 96
14, 18192, Note_off_c, 11, 65, 64
14, 18192, Note_on_c, 11, 65, 96
14, 18216, Note_off_c, 11, 65, 64
14, 18216, Note_on_c, 11, 65, 96
14, 18240, Note_off_c, 11, 65, 64
14, 18240, Note_on_c, 11, 65, 96
14, 18264, Note_off_c, 11, 65, 64
14, 18264, Note_on_c, 11, 62, 100
14, 18264, Note_on_c, 11, 65, 96
14, 18288, Note_off_c, 11, 65, 64
14, 18288, Note_off_c, 11, 62, 64
14, 18288, Note_on_c, 11, 65, 96
14, 18312, Note_off_c, 11, 65, 64
14, 18312, Note_on_c, 11, 65, 96
14, 18336, Note_off_c, 11, 65, 64
14, 18336, Note_on_c, 11, 65, 96
14, 18360, Note_off_c, 11, 65, 64
14, 18360, Note_on_c, 11, 62, 100
14, 18360, Note_on_c, 11, 65, 96
14, 18384, Note_off_c, 11, 65, 64
14, 18384, Note_off_c, 11, 62, 64
14, 18384, Note_on_c, 11, 65, 96
14, 18408, Note_off_c, 11, 65, 64
14, 18408, Note_on_c, 11, 65, 96
14, 18432, Note_off_c, 11, 65, 64
14, 18432, Note_on_c, 11, 65, 96
14, 18456, Note_off_c, 11, 65, 64
14, 18456, Note_on_c, 11, 65, 96
14, 18480, Note_off_c, 11, 65, 64
14, 18480, Note_on_c, 11, 65, 96
14, 18504, Note_off_c, 11, 65, 64
14, 18504, Note_on_c, 11, 65, 96
14, 18528, Note_off_c, 11, 65, 64
14, 18528, Note_on_c, 11, 65, 96
14, 18552, Note_off_c, 11, 65, 64
14, 18552, Note_on_c, 11, 62, 100
14, 18552, Note_on_c, 11, 65, 96
14, 18576, Note_off_c, 11, 65, 64
14, 18576, Note_off_c, 11, 62, 64
14, 18576, Note_on_c, 11, 65, 96
14, 18600, Note_off_c, 11, 65, 64
14, 18600, Note_on_c, 11, 65, 96
14, 18624, Note_off_c, 11, 65, 64
14, 18624, End_track
15, 0, Start_track
15, 0, Title_t, "orbe"
15, 0, Note_on_c, 12, 0, 100
15, 48, Note_off_c, 12, 0, 64
15, 13440, Note_on_c, 12, 64, 100
15, 13464, Note_off_c, 12, 64, 64
15, 14256, Note_on_c, 12, 64, 100
15, 14280, Note_off_c, 12, 64, 64
15, 14280, End_track
16, 0, Start_track
16, 0, Title_t, "dash"
16, 0, Note_on_c, 13, 0, 100
16, 48, Note_off_c, 13, 0, 64
16, 13536, Note_on_c, 13, 63, 100
16, 13560, Note_off_c, 13, 63, 64
16, 14064, Note_on_c, 13, 64, 100
16, 14088, Note_off_c, 13, 64, 64
16, 14808, Note_on_c, 13, 62, 100
16, 14832, Note_off_c, 13, 62, 64
16, 15552, Note_on_c, 13, 61, 100
16, 15576, Note_off_c, 13, 61, 64
16, 15648, Note_on_c, 13, 63, 100
16, 15672, Note_off_c, 13, 63, 64
16, 16344, Note_on_c, 13, 64, 100
16, 16368, Note_off_c, 13, 64, 64
16, 17160, Note_on_c, 13, 62, 100
16, 17184, Note_off_c, 13, 62, 64
16, 17856, Note_on_c, 13, 63, 100
16, 17880, Note_off_c, 13, 63, 64
16, 17880, End_track
17, 0, Start_track
17, 0, Title_t, "theme"
17, 0, Note_on_c, 14, 60, 100
17, 0, Note_on_c, 14, 0, 100
17, 48, Note_off_c, 14, 0, 64
17, 96, Note_off_c, 14, 60, 64
17, 12480, Note_on_c, 14, 61, 100
17, 12576, Note_off_c, 14, 61, 64
17, 18816, Note_on_c, 14, 62, 97
17, 18912, Note_off_c, 14, 62, 64
17, 18912, End_track
0, 0, End_of_file
